{
    "run_id": "20260102_112714",
    "version": "v1",
    "generated_at": "2026-01-02T11:27:33",
    "random_state": 42,
    "dispersion": {
        "train": 0.9979647256907943,
        "test": 0.9980515396198609
    },
    "modelos": {
        "SVM": {
            "accuracy": 0.9745815251084935,
            "precision": 0.9744381014770795,
            "recall": 0.9740166744584697,
            "f1_macro": 0.9742238768913682,
            "f1_weighted": 0.9745758780313809,
            "roc_auc": 0.9934307308711235,
            "path": "C:\\TFG\\models\\modelo_svm_v1.joblib"
        },
        "MLP": {
            "accuracy": 0.9739615623062616,
            "precision": 0.973951602834223,
            "recall": 0.9732425588281128,
            "f1_macro": 0.9735873258463764,
            "f1_weighted": 0.973951816565119,
            "roc_auc": 0.9937529219261337,
            "path": "C:\\TFG\\models\\modelo_mlp_v1.joblib"
        },
        "Ensamble": {
            "accuracy": 0.9776813391196528,
            "precision": 0.9775128562562956,
            "recall": 0.9772315723858501,
            "f1_macro": 0.977370649340932,
            "f1_weighted": 0.9776780513971267,
            "roc_auc": 0.9942021193704224,
            "path": "C:\\TFG\\models\\modelo_ens_v1.joblib"
        }
    }
}