Modelo,Escenario,accuracy,precision,recall,f1_macro,f1_weighted,roc_auc
SVM,Base,0.9745815251084935,0.9744381014770795,0.9740166744584697,0.9742238768913682,0.9745758780313809,0.9934307308711235
SVM,Evasivo,0.9618722876627402,0.9632116129756699,0.9596407978806296,0.961211691097657,0.961798539352624,0.9944364578463456
MLP,Base,0.9739615623062616,0.973951602834223,0.9732425588281128,0.9735873258463764,0.973951816565119,0.9937529219261337
MLP,Evasivo,0.963112213267204,0.9643816879877706,0.9609704690665419,0.9624792613801573,0.9630442351409102,0.9901579788062959
Ensemble,Base,0.9776813391196528,0.9775128562562956,0.9772315723858501,0.977370649340932,0.9776780513971267,0.9942021193704224
Ensemble,Evasivo,0.963112213267204,0.9646758017779087,0.9607519089917407,0.9624606816186769,0.9630340294693808,0.9948529297179366
