{
    "run_id": "20260102_113952",
    "version": "v2_robusto",
    "generated_at": "2026-01-02T11:40:58",
    "random_state": 42,
    "dispersion": {
        "train": 0.998461025295805,
        "test": 0.9986591581362659
    },
    "modelos": {
        "SVM": {
            "accuracy": 0.9739615623062616,
            "precision": 0.9734181442798154,
            "recall": 0.9738253856942496,
            "f1_macro": 0.9736182651047758,
            "f1_weighted": 0.9739671595432424,
            "roc_auc": 0.9940579710144928,
            "path": "C:\\TFG\\models\\modelo_svm_v2_robusto.joblib"
        },
        "MLP": {
            "accuracy": 0.977061376317421,
            "precision": 0.977098355027,
            "recall": 0.9763846033972261,
            "f1_macro": 0.9767316918170459,
            "f1_weighted": 0.9770527907835571,
            "roc_auc": 0.9940992675705158,
            "path": "C:\\TFG\\models\\modelo_mlp_v2_robusto.joblib"
        },
        "Ensamble": {
            "accuracy": 0.9786112833230006,
            "precision": 0.9784910162364688,
            "recall": 0.9781377590774505,
            "f1_macro": 0.9783119394237894,
            "f1_weighted": 0.9786073341950428,
            "roc_auc": 0.9955130902290791,
            "path": "C:\\TFG\\models\\modelo_ens_v2_robusto.joblib"
        }
    }
}