token,peso
http,3.93832835476017
https,3.317726658578961
com,1.7790540309550285
top,1.6611416840759101
rd,1.5187562458502022
txt,1.4791346607970521
you have,1.4710236071615654
text,1.4459810823745398
php,1.4284653850216065
free,1.3612245435780428
150p,1.3457636163942646
chat,1.2783762737889368
claim,1.2758079474462323
http www,1.266739216738072
reply,1.2604844789280898
video,1.2394187907704364
ed,1.2380958237196087
site,1.1915084833663376
call,1.152526668806336
won,1.1358940977701142
